{"cameraMode":{"drawMode":0,"name":"Shaded","section":"Shading Mode"},"sceneLighting":false,"audioPlay":false,"sceneViewState":{"showFog":true,"showMaterialUpdate":false,"showSkybox":true,"showFlares":true,"showImageEffects":true,"showParticleSystems":true},"in2DMode":false,"pivot":{"x":-0.017535686492919923,"y":0.03652850538492203,"z":4.070143699645996},"rotation":{"x":0.034748490899801257,"y":0.7307373881340027,"z":-0.03729994595050812,"w":0.6807525753974915},"size":20.26603889465332,"orthographic":false}