{"cameraMode":{"drawMode":0,"name":"Shaded","section":"Shading Mode"},"sceneLighting":true,"audioPlay":false,"sceneViewState":{"showFog":true,"showMaterialUpdate":false,"showSkybox":true,"showFlares":true,"showImageEffects":true,"showParticleSystems":true},"in2DMode":false,"pivot":{"x":0.8635739088058472,"y":0.3172950744628906,"z":0.23842597007751466},"rotation":{"x":0.12282805889844895,"y":0.8177384734153748,"z":-0.18974381685256959,"w":0.5293528437614441},"size":2.397334337234497,"orthographic":false}