{"cameraMode":{"drawMode":0,"name":"Shaded","section":"Shading Mode"},"sceneLighting":true,"audioPlay":false,"sceneViewState":{"showFog":true,"showMaterialUpdate":false,"showSkybox":true,"showFlares":true,"showImageEffects":true,"showParticleSystems":true},"in2DMode":false,"pivot":{"x":0.008872151374816895,"y":3.051137924194336,"z":0.8285121917724609},"rotation":{"x":0.0004622086707968265,"y":0.999457836151123,"z":-0.016493093222379686,"w":0.0284909438341856},"size":15.314085960388184,"orthographic":false}