{"cameraMode":{"drawMode":0,"name":"Shaded","section":"Shading Mode"},"sceneLighting":true,"audioPlay":false,"sceneViewState":{"showFog":true,"showMaterialUpdate":false,"showSkybox":true,"showFlares":true,"showImageEffects":true,"showParticleSystems":true},"in2DMode":false,"pivot":{"x":0.0612720251083374,"y":-0.21274355053901673,"z":0.2658514380455017},"rotation":{"x":0.15759913623332978,"y":0.7064880132675171,"z":-0.16607293486595155,"w":0.6696693301200867},"size":1.7289972305297852,"orthographic":false}