{"cameraMode":{"drawMode":0,"name":"Shaded","section":"Shading Mode"},"sceneLighting":true,"audioPlay":false,"sceneViewState":{"showFog":true,"showMaterialUpdate":false,"showSkybox":true,"showFlares":true,"showImageEffects":true,"showParticleSystems":true},"in2DMode":false,"pivot":{"x":1.2517509460449219,"y":5.790534973144531,"z":-9.934993743896485},"rotation":{"x":-0.1179448589682579,"y":-0.7911936044692993,"z":0.1614624708890915,"w":-0.5779547095298767},"size":45.86703872680664,"orthographic":false}