{"cameraMode":{"drawMode":0,"name":"Shaded","section":"Shading Mode"},"sceneLighting":true,"audioPlay":false,"sceneViewState":{"showFog":true,"showMaterialUpdate":false,"showSkybox":true,"showFlares":true,"showImageEffects":true,"showParticleSystems":true},"in2DMode":false,"pivot":{"x":-0.5082952380180359,"y":3.4423434734344484,"z":0.6233303546905518},"rotation":{"x":-0.13955312967300416,"y":0.6461970806121826,"z":-0.12180472165346146,"w":-0.7403498291969299},"size":71.15534210205078,"orthographic":false}