{"cameraMode":{"drawMode":0,"name":"Shaded","section":"Shading Mode"},"sceneLighting":true,"audioPlay":false,"sceneViewState":{"showFog":true,"showMaterialUpdate":false,"showSkybox":true,"showFlares":true,"showImageEffects":true,"showParticleSystems":true},"in2DMode":false,"pivot":{"x":-0.10921764373779297,"y":0.39328718185424807,"z":0.2104870080947876},"rotation":{"x":0.0771617516875267,"y":0.7774460315704346,"z":-0.09729529172182083,"w":0.6165691614151001},"size":2.2969822883605959,"orthographic":false}