{"cameraMode":{"drawMode":0,"name":"Shaded","section":"Shading Mode"},"sceneLighting":true,"audioPlay":false,"sceneViewState":{"showFog":true,"showMaterialUpdate":false,"showSkybox":true,"showFlares":true,"showImageEffects":true,"showParticleSystems":true},"in2DMode":false,"pivot":{"x":0.1292893886566162,"y":-0.19773757457733155,"z":0.06441080570220947},"rotation":{"x":0.08578203618526459,"y":0.8983832597732544,"z":-0.2027835100889206,"w":0.38003671169281008},"size":1.4530580043792725,"orthographic":false}