{"cameraMode":{"drawMode":0,"name":"Shaded","section":"Shading Mode"},"sceneLighting":false,"audioPlay":false,"sceneViewState":{"showFog":true,"showMaterialUpdate":false,"showSkybox":true,"showFlares":true,"showImageEffects":true,"showParticleSystems":true},"in2DMode":false,"pivot":{"x":-0.010977208614349366,"y":3.3162941932678224,"z":0.0},"rotation":{"x":0.0004622086707968265,"y":0.999457836151123,"z":-0.016493093222379686,"w":0.0284909438341856},"size":6.878015518188477,"orthographic":false}