{"cameraMode":{"drawMode":0,"name":"Shaded","section":"Shading Mode"},"sceneLighting":true,"audioPlay":false,"sceneViewState":{"showFog":true,"showMaterialUpdate":false,"showSkybox":true,"showFlares":true,"showImageEffects":true,"showParticleSystems":true},"in2DMode":false,"pivot":{"x":0.1292893886566162,"y":-0.19773757457733155,"z":0.06441080570220947},"rotation":{"x":-0.10077258199453354,"y":-0.8991767168045044,"z":0.3037987947463989,"w":-0.29838311672210696},"size":2.607581377029419,"orthographic":false}