{"cameraMode":{"drawMode":0,"name":"Shaded","section":"Shading Mode"},"sceneLighting":true,"audioPlay":false,"sceneViewState":{"showFog":true,"showMaterialUpdate":false,"showSkybox":true,"showFlares":true,"showImageEffects":true,"showParticleSystems":true},"in2DMode":false,"pivot":{"x":-1.0943076610565186,"y":1.653077244758606,"z":0.8354264497756958},"rotation":{"x":0.09702666103839874,"y":0.7669455409049988,"z":-0.11944353580474854,"w":0.622987687587738},"size":-5.039222240447998,"orthographic":false}