{"cameraMode":{"drawMode":0,"name":"Shaded","section":"Shading Mode"},"sceneLighting":false,"audioPlay":false,"sceneViewState":{"showFog":true,"showMaterialUpdate":false,"showSkybox":true,"showFlares":true,"showImageEffects":true,"showParticleSystems":true},"in2DMode":false,"pivot":{"x":0.6470394134521484,"y":2.9585652351379396,"z":1.2285699844360352},"rotation":{"x":0.06123730540275574,"y":0.9186318516731262,"z":-0.157509908080101,"w":0.35714998841285708},"size":6.605215072631836,"orthographic":false}