{"cameraMode":{"drawMode":0,"name":"Shaded","section":"Shading Mode"},"sceneLighting":false,"audioPlay":false,"sceneViewState":{"showFog":true,"showMaterialUpdate":false,"showSkybox":true,"showFlares":true,"showImageEffects":true,"showParticleSystems":true},"in2DMode":false,"pivot":{"x":-0.11528635025024414,"y":0.8507896661758423,"z":0.20058673620224},"rotation":{"x":-0.27982375025749209,"y":-0.6563953757286072,"z":0.2874855697154999,"w":-0.6389021873474121},"size":2.0431535243988039,"orthographic":false}