{"cameraMode":{"drawMode":0,"name":"Shaded","section":"Shading Mode"},"sceneLighting":false,"audioPlay":false,"sceneViewState":{"showFog":true,"showMaterialUpdate":false,"showSkybox":true,"showFlares":true,"showImageEffects":true,"showParticleSystems":true},"in2DMode":false,"pivot":{"x":-0.10043716430664063,"y":3.0450310707092287,"z":0.7267684936523438},"rotation":{"x":0.052120309323072436,"y":0.9463403224945068,"z":-0.19608290493488313,"w":0.2515450119972229},"size":6.605215072631836,"orthographic":false}