{"cameraMode":{"drawMode":0,"name":"Shaded","section":"Shading Mode"},"sceneLighting":true,"audioPlay":false,"sceneViewState":{"showFog":true,"showMaterialUpdate":false,"showSkybox":true,"showFlares":true,"showImageEffects":true,"showParticleSystems":true},"in2DMode":false,"pivot":{"x":-0.46238553524017336,"y":2.0498876571655275,"z":-0.0076427459716796879},"rotation":{"x":0.020586112514138223,"y":-0.9505400657653809,"z":0.06455481052398682,"w":0.30312132835388186},"size":4.118607997894287,"orthographic":false}