{"cameraMode":{"drawMode":0,"name":"Shaded","section":"Shading Mode"},"sceneLighting":false,"audioPlay":false,"sceneViewState":{"showFog":true,"showMaterialUpdate":false,"showSkybox":true,"showFlares":true,"showImageEffects":true,"showParticleSystems":true},"in2DMode":false,"pivot":{"x":-0.35685300827026369,"y":2.032327175140381,"z":1.6066124439239503},"rotation":{"x":0.05674739554524422,"y":0.9240097403526306,"z":-0.15130974352359773,"w":0.34654170274734499},"size":1.6400442123413087,"orthographic":false}