{"cameraMode":{"drawMode":0,"name":"Shaded","section":"Shading Mode"},"sceneLighting":false,"audioPlay":false,"sceneViewState":{"showFog":true,"showMaterialUpdate":false,"showSkybox":true,"showFlares":true,"showImageEffects":true,"showParticleSystems":true},"in2DMode":false,"pivot":{"x":-1.6494240760803223,"y":5.383028030395508,"z":0.9354720115661621},"rotation":{"x":-0.12401813268661499,"y":0.4326811134815216,"z":-0.06022859364748001,"w":-0.8909428715705872},"size":17.724163055419923,"orthographic":false}