{"cameraMode":{"drawMode":0,"name":"Shaded","section":"Shading Mode"},"sceneLighting":false,"audioPlay":false,"sceneViewState":{"showFog":true,"showMaterialUpdate":false,"showSkybox":true,"showFlares":true,"showImageEffects":true,"showParticleSystems":true},"in2DMode":false,"pivot":{"x":-6.677485942840576,"y":-0.2393350601196289,"z":-7.658980369567871},"rotation":{"x":0.058583103120326999,"y":-0.9219374060630798,"z":0.35050782561302187,"w":0.15409015119075776},"size":13.615944862365723,"orthographic":false}