{"cameraMode":{"drawMode":0,"name":"Shaded","section":"Shading Mode"},"sceneLighting":false,"audioPlay":false,"sceneViewState":{"showFog":true,"showMaterialUpdate":false,"showSkybox":true,"showFlares":true,"showImageEffects":true,"showParticleSystems":true},"in2DMode":false,"pivot":{"x":0.022051095962524415,"y":2.6661734580993654,"z":0.22632604837417603},"rotation":{"x":-0.34266045689582827,"y":0.01746957376599312,"z":-0.006373114883899689,"w":-0.9392752647399902},"size":10.120152473449707,"orthographic":false}