{"cameraMode":{"drawMode":0,"name":"Shaded","section":"Shading Mode"},"sceneLighting":false,"audioPlay":false,"sceneViewState":{"showFog":true,"showMaterialUpdate":false,"showSkybox":true,"showFlares":true,"showImageEffects":true,"showParticleSystems":true},"in2DMode":false,"pivot":{"x":-0.03524202108383179,"y":2.374399423599243,"z":0.02312910556793213},"rotation":{"x":-0.2070630043745041,"y":-0.046355921775102618,"z":0.009822819381952286,"w":-0.9771794080734253},"size":8.282540321350098,"orthographic":false}