{"cameraMode":{"drawMode":0,"name":"Shaded","section":"Shading Mode"},"sceneLighting":false,"audioPlay":false,"sceneViewState":{"showFog":true,"showMaterialUpdate":false,"showSkybox":true,"showFlares":true,"showImageEffects":true,"showParticleSystems":true},"in2DMode":false,"pivot":{"x":9.89786434173584,"y":1.2447974681854249,"z":2.2936198711395265},"rotation":{"x":0.01745992712676525,"y":0.6955647468566895,"z":-0.016913477331399919,"w":0.7180521488189697},"size":20.843494415283204,"orthographic":false}