{"cameraMode":{"drawMode":0,"name":"Shaded","section":"Shading Mode"},"sceneLighting":false,"audioPlay":false,"sceneViewState":{"showFog":true,"showMaterialUpdate":false,"showSkybox":true,"showFlares":true,"showImageEffects":true,"showParticleSystems":true},"in2DMode":false,"pivot":{"x":-0.6346402168273926,"y":0.14826446771621705,"z":1.6138439178466797},"rotation":{"x":-0.028054865077137948,"y":-0.2268151491880417,"z":0.006536433938890696,"w":-0.9735117554664612},"size":7.4113593101501469,"orthographic":false}