{"cameraMode":{"drawMode":0,"name":"Shaded","section":"Shading Mode"},"sceneLighting":false,"audioPlay":false,"sceneViewState":{"showFog":true,"showMaterialUpdate":false,"showSkybox":true,"showFlares":true,"showImageEffects":true,"showParticleSystems":true},"in2DMode":false,"pivot":{"x":-1.0176670551300049,"y":2.2867040634155275,"z":0.02637195587158203},"rotation":{"x":0.00582819664850831,"y":0.9873360991477966,"z":-0.03734906017780304,"w":0.1540733128786087},"size":3.3640224933624269,"orthographic":false}