{"cameraMode":{"drawMode":0,"name":"Shaded","section":"Shading Mode"},"sceneLighting":false,"audioPlay":false,"sceneViewState":{"showFog":true,"showMaterialUpdate":false,"showSkybox":true,"showFlares":true,"showImageEffects":true,"showParticleSystems":true},"in2DMode":false,"pivot":{"x":-1.0261383056640626,"y":3.946793794631958,"z":1.6172199249267579},"rotation":{"x":0.11583647131919861,"y":0.7839611768722534,"z":-0.15387094020843507,"w":0.5901784300804138},"size":4.1044135093688969,"orthographic":false}