{"cameraMode":{"drawMode":0,"name":"Shaded","section":"Shading Mode"},"sceneLighting":false,"audioPlay":false,"sceneViewState":{"showFog":true,"showMaterialUpdate":false,"showSkybox":true,"showFlares":true,"showImageEffects":true,"showParticleSystems":true},"in2DMode":false,"pivot":{"x":-4.581364154815674,"y":0.8893685340881348,"z":-3.7693471908569338},"rotation":{"x":-0.03740297630429268,"y":0.9371924996376038,"z":-0.106175497174263,"w":-0.3301486074924469},"size":11.100163459777832,"orthographic":false}