{"cameraMode":{"drawMode":0,"name":"Shaded","section":"Shading Mode"},"sceneLighting":false,"audioPlay":false,"sceneViewState":{"showFog":true,"showMaterialUpdate":false,"showSkybox":true,"showFlares":true,"showImageEffects":true,"showParticleSystems":true},"in2DMode":false,"pivot":{"x":-0.06176444888114929,"y":2.3537521362304689,"z":-9.01036548614502},"rotation":{"x":-0.0011856489581987262,"y":0.9981443881988525,"z":-0.057266365736722949,"w":-0.020663632079958917},"size":13.042572975158692,"orthographic":false}