{"cameraMode":{"drawMode":0,"name":"Shaded","section":"Shading Mode"},"sceneLighting":false,"audioPlay":false,"sceneViewState":{"showFog":true,"showMaterialUpdate":false,"showSkybox":true,"showFlares":true,"showImageEffects":true,"showParticleSystems":true},"in2DMode":false,"pivot":{"x":0.09294769167900086,"y":1.3642569780349732,"z":0.12802469730377198},"rotation":{"x":-0.4095003306865692,"y":-0.10310203582048416,"z":0.04663871228694916,"w":-0.9052647948265076},"size":14.88487720489502,"orthographic":false}