{"cameraMode":{"drawMode":0,"name":"Shaded","section":"Shading Mode"},"sceneLighting":false,"audioPlay":false,"sceneViewState":{"showFog":true,"showMaterialUpdate":false,"showSkybox":true,"showFlares":true,"showImageEffects":true,"showParticleSystems":true},"in2DMode":false,"pivot":{"x":-6.301877975463867,"y":4.324945449829102,"z":-1.9560695886611939},"rotation":{"x":-0.059076711535453799,"y":0.7614929676055908,"z":-0.07010973989963532,"w":-0.6416565775871277},"size":17.77513885498047,"orthographic":false}