{"cameraMode":{"drawMode":0,"name":"Shaded","section":"Shading Mode"},"sceneLighting":false,"audioPlay":false,"sceneViewState":{"showFog":true,"showMaterialUpdate":false,"showSkybox":true,"showFlares":true,"showImageEffects":true,"showParticleSystems":true},"in2DMode":false,"pivot":{"x":-2.1539859771728517,"y":3.7754321098327638,"z":-0.5463125705718994},"rotation":{"x":-0.1650175005197525,"y":0.6468870043754578,"z":-0.14622628688812257,"w":-0.7300167083740234},"size":10.911590576171875,"orthographic":false}