{"cameraMode":{"drawMode":0,"name":"Shaded","section":"Shading Mode"},"sceneLighting":false,"audioPlay":false,"sceneViewState":{"showFog":true,"showMaterialUpdate":false,"showSkybox":true,"showFlares":true,"showImageEffects":true,"showParticleSystems":true},"in2DMode":false,"pivot":{"x":-0.08357691764831543,"y":-2.1190185546875,"z":1.0726149082183838},"rotation":{"x":-0.28086933493614199,"y":-0.6574414968490601,"z":0.29029735922813418,"w":-0.6360901594161987},"size":2.0142273902893068,"orthographic":false}