{"cameraMode":{"drawMode":0,"name":"Shaded","section":"Shading Mode"},"sceneLighting":false,"audioPlay":false,"sceneViewState":{"showFog":true,"showMaterialUpdate":false,"showSkybox":true,"showFlares":true,"showImageEffects":true,"showParticleSystems":true},"in2DMode":false,"pivot":{"x":0.8484851121902466,"y":2.056370496749878,"z":0.2419886589050293},"rotation":{"x":0.005745586473494768,"y":0.9941990375518799,"z":-0.08101702481508255,"w":0.07050815969705582},"size":3.964022397994995,"orthographic":false}