{"cameraMode":{"drawMode":0,"name":"Shaded","section":"Shading Mode"},"sceneLighting":false,"audioPlay":false,"sceneViewState":{"showFog":true,"showMaterialUpdate":false,"showSkybox":true,"showFlares":true,"showImageEffects":true,"showParticleSystems":true},"in2DMode":false,"pivot":{"x":0.9258661270141602,"y":1.0719821453094483,"z":1.3608143329620362},"rotation":{"x":0.23850491642951966,"y":0.5650867223739624,"z":-0.17499391734600068,"w":0.7701750993728638},"size":6.697150707244873,"orthographic":false}