{"cameraMode":{"drawMode":0,"name":"Shaded","section":"Shading Mode"},"sceneLighting":false,"audioPlay":false,"sceneViewState":{"showFog":true,"showMaterialUpdate":false,"showSkybox":true,"showFlares":true,"showImageEffects":true,"showParticleSystems":true},"in2DMode":false,"pivot":{"x":-2.4809396266937258,"y":-0.5191740989685059,"z":1.4256978034973145},"rotation":{"x":-0.2598986327648163,"y":0.38882580399513247,"z":-0.11531524360179901,"w":-0.8763387799263},"size":16.907155990600587,"orthographic":false}