{"cameraMode":{"drawMode":0,"name":"Shaded","section":"Shading Mode"},"sceneLighting":false,"audioPlay":false,"sceneViewState":{"showFog":true,"showMaterialUpdate":false,"showSkybox":true,"showFlares":true,"showImageEffects":true,"showParticleSystems":true},"in2DMode":false,"pivot":{"x":-1.5872478485107422,"y":0.3320850133895874,"z":0.6176501512527466},"rotation":{"x":-0.08886907994747162,"y":-0.5311077833175659,"z":0.05613868311047554,"w":-0.840758740901947},"size":4.584305286407471,"orthographic":false}