{"cameraMode":{"drawMode":0,"name":"Shaded","section":"Shading Mode"},"sceneLighting":false,"audioPlay":false,"sceneViewState":{"showFog":true,"showMaterialUpdate":false,"showSkybox":true,"showFlares":true,"showImageEffects":true,"showParticleSystems":true},"in2DMode":false,"pivot":{"x":-13.610485076904297,"y":2.2388529777526857,"z":-6.004236221313477},"rotation":{"x":-0.0015086594503372908,"y":-0.8277038931846619,"z":-0.0022258246317505838,"w":0.5611586570739746},"size":13.960062026977539,"orthographic":false}