{"cameraMode":{"drawMode":0,"name":"Shaded","section":"Shading Mode"},"sceneLighting":false,"audioPlay":false,"sceneViewState":{"showFog":true,"showMaterialUpdate":false,"showSkybox":true,"showFlares":true,"showImageEffects":true,"showParticleSystems":true},"in2DMode":false,"pivot":{"x":-0.2664933204650879,"y":2.075392961502075,"z":0.05110132694244385},"rotation":{"x":-0.021854372695088388,"y":0.9776301980018616,"z":-0.1631004959344864,"w":-0.13099528849124909},"size":3.5064477920532228,"orthographic":false}