{"cameraMode":{"drawMode":0,"name":"Shaded","section":"Shading Mode"},"sceneLighting":false,"audioPlay":false,"sceneViewState":{"showFog":true,"showMaterialUpdate":false,"showSkybox":true,"showFlares":true,"showImageEffects":true,"showParticleSystems":true},"in2DMode":false,"pivot":{"x":-0.19994795322418214,"y":0.8444908857345581,"z":0.028202950954437257},"rotation":{"x":-0.09257611632347107,"y":-0.11266779899597168,"z":0.010543698444962502,"w":-0.9892545342445374},"size":1.1431536674499512,"orthographic":false}