{"cameraMode":{"drawMode":0,"name":"Shaded","section":"Shading Mode"},"sceneLighting":false,"audioPlay":false,"sceneViewState":{"showFog":true,"showMaterialUpdate":false,"showSkybox":true,"showFlares":true,"showImageEffects":true,"showParticleSystems":true},"in2DMode":false,"pivot":{"x":-0.631842851638794,"y":1.7665290832519532,"z":0.5070669651031494},"rotation":{"x":-0.16046521067619325,"y":0.40863171219825747,"z":-0.07322335243225098,"w":-0.8954939842224121},"size":6.329296112060547,"orthographic":false}