{"cameraMode":{"drawMode":0,"name":"Shaded","section":"Shading Mode"},"sceneLighting":false,"audioPlay":false,"sceneViewState":{"showFog":true,"showMaterialUpdate":false,"showSkybox":true,"showFlares":true,"showImageEffects":true,"showParticleSystems":true},"in2DMode":false,"pivot":{"x":0.18209940195083619,"y":2.4800877571105959,"z":0.8652589321136475},"rotation":{"x":-0.2070630043745041,"y":-0.046355921775102618,"z":0.009822819381952286,"w":-0.9771794080734253},"size":5.244424819946289,"orthographic":false}