{"cameraMode":{"drawMode":0,"name":"Shaded","section":"Shading Mode"},"sceneLighting":false,"audioPlay":false,"sceneViewState":{"showFog":true,"showMaterialUpdate":false,"showSkybox":true,"showFlares":true,"showImageEffects":true,"showParticleSystems":true},"in2DMode":false,"pivot":{"x":-1.0261383056640626,"y":3.946793794631958,"z":1.6172199249267579},"rotation":{"x":0.11583646386861801,"y":0.7839611172676086,"z":-0.15387092530727387,"w":0.590178370475769},"size":4.1044135093688969,"orthographic":false}