{"cameraMode":{"drawMode":0,"name":"Shaded","section":"Shading Mode"},"sceneLighting":false,"audioPlay":false,"sceneViewState":{"showFog":true,"showMaterialUpdate":false,"showSkybox":true,"showFlares":true,"showImageEffects":true,"showParticleSystems":true},"in2DMode":false,"pivot":{"x":-0.7606837749481201,"y":2.9028868675231935,"z":-0.2618457078933716},"rotation":{"x":-0.0032155246008187534,"y":0.6411441564559937,"z":0.0026864209212362768,"w":0.7674089670181274},"size":2.3044137954711916,"orthographic":false}