{"cameraMode":{"drawMode":0,"name":"Shaded","section":"Shading Mode"},"sceneLighting":false,"audioPlay":false,"sceneViewState":{"showFog":true,"showMaterialUpdate":false,"showSkybox":true,"showFlares":true,"showImageEffects":true,"showParticleSystems":true},"in2DMode":false,"pivot":{"x":4.322589874267578,"y":2.2829928398132326,"z":-3.315601348876953},"rotation":{"x":-0.027952956035733224,"y":-0.9311205744743347,"z":0.07306573539972305,"w":-0.35622259974479678},"size":12.065936088562012,"orthographic":false}