{"cameraMode":{"drawMode":0,"name":"Shaded","section":"Shading Mode"},"sceneLighting":false,"audioPlay":false,"sceneViewState":{"showFog":true,"showMaterialUpdate":false,"showSkybox":true,"showFlares":true,"showImageEffects":true,"showParticleSystems":true},"in2DMode":false,"pivot":{"x":11.953774452209473,"y":-3.9480104446411135,"z":-0.15763843059539796},"rotation":{"x":-0.17309442162513734,"y":-0.7257879972457886,"z":0.19759753346443177,"w":-0.6357871890068054},"size":16.87716293334961,"orthographic":false}