{"cameraMode":{"drawMode":0,"name":"Shaded","section":"Shading Mode"},"sceneLighting":false,"audioPlay":false,"sceneViewState":{"showFog":true,"showMaterialUpdate":false,"showSkybox":true,"showFlares":true,"showImageEffects":true,"showParticleSystems":true},"in2DMode":false,"pivot":{"x":-0.08357691764831543,"y":-2.1190185546875,"z":1.0046766996383668},"rotation":{"x":-0.22572627663612367,"y":-0.6840366125106812,"z":0.2368321418762207,"w":-0.6519601941108704},"size":1.207484483718872,"orthographic":false}