{"cameraMode":{"drawMode":0,"name":"Shaded","section":"Shading Mode"},"sceneLighting":false,"audioPlay":false,"sceneViewState":{"showFog":true,"showMaterialUpdate":false,"showSkybox":true,"showFlares":true,"showImageEffects":true,"showParticleSystems":true},"in2DMode":false,"pivot":{"x":-0.7022899389266968,"y":2.870814800262451,"z":1.0254278182983399},"rotation":{"x":-0.047104813158512118,"y":-0.8859142065048218,"z":0.09229911118745804,"w":-0.45212629437446597},"size":1.8176307678222657,"orthographic":false}