{"cameraMode":{"drawMode":0,"name":"Shaded","section":"Shading Mode"},"sceneLighting":false,"audioPlay":false,"sceneViewState":{"showFog":true,"showMaterialUpdate":false,"showSkybox":true,"showFlares":true,"showImageEffects":true,"showParticleSystems":true},"in2DMode":false,"pivot":{"x":0.09294769167900086,"y":1.3642569780349732,"z":0.12802469730377198},"rotation":{"x":-0.34235814213752749,"y":-0.043107785284519199,"z":0.015726353973150255,"w":-0.9384483695030212},"size":7.4113593101501469,"orthographic":false}