{"cameraMode":{"drawMode":0,"name":"Shaded","section":"Shading Mode"},"sceneLighting":false,"audioPlay":false,"sceneViewState":{"showFog":true,"showMaterialUpdate":false,"showSkybox":true,"showFlares":true,"showImageEffects":true,"showParticleSystems":true},"in2DMode":false,"pivot":{"x":0.08483046293258667,"y":1.496500015258789,"z":0.4360966682434082},"rotation":{"x":-0.2070630043745041,"y":-0.046355921775102618,"z":0.009822819381952286,"w":-0.9771794080734253},"size":7.317135810852051,"orthographic":false}