{"cameraMode":{"drawMode":0,"name":"Shaded","section":"Shading Mode"},"sceneLighting":false,"audioPlay":false,"sceneViewState":{"showFog":true,"showMaterialUpdate":false,"showSkybox":true,"showFlares":true,"showImageEffects":true,"showParticleSystems":true},"in2DMode":false,"pivot":{"x":0.7236461043357849,"y":-0.1750367283821106,"z":-0.6522327065467835},"rotation":{"x":-0.09610400348901749,"y":-0.8330850005149841,"z":0.15315432846546174,"w":-0.5227592587471008},"size":3.1990156173706056,"orthographic":false}