{"cameraMode":{"drawMode":0,"name":"Shaded","section":"Shading Mode"},"sceneLighting":false,"audioPlay":false,"sceneViewState":{"showFog":true,"showMaterialUpdate":false,"showSkybox":true,"showFlares":true,"showImageEffects":true,"showParticleSystems":true},"in2DMode":false,"pivot":{"x":3.0532922744750978,"y":0.973351001739502,"z":-1.792870044708252},"rotation":{"x":0.15628975629806519,"y":0.7550885677337647,"z":-0.19466489553451539,"w":0.6062346696853638},"size":12.747784614562989,"orthographic":false}