{"cameraMode":{"drawMode":0,"name":"Shaded","section":"Shading Mode"},"sceneLighting":false,"audioPlay":false,"sceneViewState":{"showFog":true,"showMaterialUpdate":false,"showSkybox":true,"showFlares":true,"showImageEffects":true,"showParticleSystems":true},"in2DMode":false,"pivot":{"x":-2.0675292015075685,"y":0.7363495826721191,"z":1.2200655937194825},"rotation":{"x":-0.12768658995628358,"y":0.1384734809398651,"z":-0.01800638809800148,"w":-0.9819353222846985},"size":7.350174903869629,"orthographic":false}