{"cameraMode":{"drawMode":0,"name":"Shaded","section":"Shading Mode"},"sceneLighting":false,"audioPlay":false,"sceneViewState":{"showFog":true,"showMaterialUpdate":false,"showSkybox":true,"showFlares":true,"showImageEffects":true,"showParticleSystems":true},"in2DMode":false,"pivot":{"x":0.43148624897003176,"y":-2.308905601501465,"z":0.41930025815963747},"rotation":{"x":-0.3618354797363281,"y":-0.6334716081619263,"z":0.5295826196670532,"w":-0.43281757831573489},"size":17.639101028442384,"orthographic":false}