{"cameraMode":{"drawMode":0,"name":"Shaded","section":"Shading Mode"},"sceneLighting":false,"audioPlay":false,"sceneViewState":{"showFog":true,"showMaterialUpdate":false,"showSkybox":true,"showFlares":true,"showImageEffects":true,"showParticleSystems":true},"in2DMode":false,"pivot":{"x":1.4643278121948243,"y":0.03282880783081055,"z":-0.08695077896118164},"rotation":{"x":0.09782445430755615,"y":0.8472445011138916,"z":-0.16761216521263123,"w":0.49448293447494509},"size":10.083695411682129,"orthographic":false}