{"cameraMode":{"drawMode":0,"name":"Shaded","section":"Shading Mode"},"sceneLighting":false,"audioPlay":false,"sceneViewState":{"showFog":true,"showMaterialUpdate":false,"showSkybox":true,"showFlares":true,"showImageEffects":true,"showParticleSystems":true},"in2DMode":false,"pivot":{"x":-1.8883168697357178,"y":0.7856531143188477,"z":-5.224686145782471},"rotation":{"x":-0.029725847765803338,"y":0.9661466479301453,"z":-0.13005727529525758,"w":-0.22082142531871797},"size":20.676443099975587,"orthographic":false}