{"cameraMode":{"drawMode":0,"name":"Shaded","section":"Shading Mode"},"sceneLighting":false,"audioPlay":false,"sceneViewState":{"showFog":true,"showMaterialUpdate":false,"showSkybox":true,"showFlares":true,"showImageEffects":true,"showParticleSystems":true},"in2DMode":false,"pivot":{"x":1.6713446378707886,"y":0.10333430767059326,"z":0.7702598571777344},"rotation":{"x":-0.07523884624242783,"y":0.003586642909795046,"z":-0.0002705981896724552,"w":-0.9971590638160706},"size":10.120152473449707,"orthographic":false}