{"cameraMode":{"drawMode":0,"name":"Shaded","section":"Shading Mode"},"sceneLighting":true,"audioPlay":false,"sceneViewState":{"showFog":true,"showMaterialUpdate":false,"showSkybox":true,"showFlares":true,"showImageEffects":true,"showParticleSystems":true},"in2DMode":false,"pivot":{"x":-1.5877742767333985,"y":0.46590566635131838,"z":0.954192578792572},"rotation":{"x":0.06097090616822243,"y":0.7121865153312683,"z":-0.06233937665820122,"w":0.6965534687042236},"size":14.573429107666016,"orthographic":false}