{"cameraMode":{"drawMode":0,"name":"Shaded","section":"Shading Mode"},"sceneLighting":false,"audioPlay":false,"sceneViewState":{"showFog":true,"showMaterialUpdate":false,"showSkybox":true,"showFlares":true,"showImageEffects":true,"showParticleSystems":true},"in2DMode":false,"pivot":{"x":-2.341663360595703,"y":2.2008848190307619,"z":-1.2242827415466309},"rotation":{"x":-0.007114336360245943,"y":0.8570095896720886,"z":-0.011836059391498566,"w":-0.5151154398918152},"size":7.229296684265137,"orthographic":false}