{"cameraMode":{"drawMode":0,"name":"Shaded","section":"Shading Mode"},"sceneLighting":false,"audioPlay":false,"sceneViewState":{"showFog":true,"showMaterialUpdate":false,"showSkybox":true,"showFlares":true,"showImageEffects":true,"showParticleSystems":true},"in2DMode":false,"pivot":{"x":1.3590115308761597,"y":-0.28880953788757326,"z":-2.5182018280029299},"rotation":{"x":-0.017145873978734018,"y":-0.97301185131073,"z":0.21687954664230348,"w":-0.0769239142537117},"size":7.959280014038086,"orthographic":false}