{"cameraMode":{"drawMode":0,"name":"Shaded","section":"Shading Mode"},"sceneLighting":false,"audioPlay":false,"sceneViewState":{"showFog":true,"showMaterialUpdate":false,"showSkybox":true,"showFlares":true,"showImageEffects":true,"showParticleSystems":true},"in2DMode":false,"pivot":{"x":2.868467092514038,"y":-9.242173194885254,"z":-1.7503291368484498},"rotation":{"x":-0.5225072503089905,"y":0.47631141543388369,"z":-0.523762047290802,"w":-0.47517043352127077},"size":21.009761810302736,"orthographic":false}