{"cameraMode":{"drawMode":0,"name":"Shaded","section":"Shading Mode"},"sceneLighting":false,"audioPlay":false,"sceneViewState":{"showFog":true,"showMaterialUpdate":false,"showSkybox":true,"showFlares":true,"showImageEffects":true,"showParticleSystems":true},"in2DMode":false,"pivot":{"x":1.3903441429138184,"y":0.5923891067504883,"z":-0.2651684284210205},"rotation":{"x":-0.08862385898828507,"y":-0.8552646636962891,"z":0.15590618550777436,"w":-0.4861702620983124},"size":7.350174903869629,"orthographic":false}