{"cameraMode":{"drawMode":0,"name":"Shaded","section":"Shading Mode"},"sceneLighting":true,"audioPlay":false,"sceneViewState":{"showFog":true,"showMaterialUpdate":false,"showSkybox":true,"showFlares":true,"showImageEffects":true,"showParticleSystems":true},"in2DMode":false,"pivot":{"x":-12.777186393737793,"y":0.4909999370574951,"z":10.958272933959961},"rotation":{"x":-0.03773731365799904,"y":0.8286424875259399,"z":-0.056276507675647739,"w":-0.5556621551513672},"size":18.13953971862793,"orthographic":false}