{"cameraMode":{"drawMode":0,"name":"Shaded","section":"Shading Mode"},"sceneLighting":false,"audioPlay":false,"sceneViewState":{"showFog":true,"showMaterialUpdate":false,"showSkybox":true,"showFlares":true,"showImageEffects":true,"showParticleSystems":true},"in2DMode":false,"pivot":{"x":-0.027255773544311525,"y":1.1103695631027222,"z":-0.11944356560707092},"rotation":{"x":-0.1663479059934616,"y":0.7926392555236816,"z":-0.2480696737766266,"w":-0.5315194129943848},"size":1.1431536674499512,"orthographic":false}