{"cameraMode":{"drawMode":0,"name":"Shaded","section":"Shading Mode"},"sceneLighting":false,"audioPlay":false,"sceneViewState":{"showFog":true,"showMaterialUpdate":false,"showSkybox":true,"showFlares":true,"showImageEffects":true,"showParticleSystems":true},"in2DMode":false,"pivot":{"x":0.9198093414306641,"y":-0.4994089603424072,"z":-3.025256633758545},"rotation":{"x":0.05932497978210449,"y":0.8876868486404419,"z":-0.11949746310710907,"w":0.4406960606575012},"size":13.903125762939454,"orthographic":false}