{"cameraMode":{"drawMode":0,"name":"Shaded","section":"Shading Mode"},"sceneLighting":false,"audioPlay":false,"sceneViewState":{"showFog":true,"showMaterialUpdate":false,"showSkybox":true,"showFlares":true,"showImageEffects":true,"showParticleSystems":true},"in2DMode":false,"pivot":{"x":-0.35582399368286135,"y":-1.6831470727920533,"z":1.0785808563232422},"rotation":{"x":-0.1488744467496872,"y":-0.2572539150714874,"z":0.04014680162072182,"w":-0.9539628028869629},"size":7.4113593101501469,"orthographic":false}