{"cameraMode":{"drawMode":0,"name":"Shaded","section":"Shading Mode"},"sceneLighting":false,"audioPlay":false,"sceneViewState":{"showFog":true,"showMaterialUpdate":false,"showSkybox":true,"showFlares":true,"showImageEffects":true,"showParticleSystems":true},"in2DMode":false,"pivot":{"x":-1.288069248199463,"y":0.5589175224304199,"z":3.05595064163208},"rotation":{"x":-0.2207447588443756,"y":0.1013176441192627,"z":-0.02306218445301056,"w":-0.9697807431221008},"size":9.857243537902832,"orthographic":false}