{"cameraMode":{"drawMode":0,"name":"Shaded","section":"Shading Mode"},"sceneLighting":false,"audioPlay":false,"sceneViewState":{"showFog":true,"showMaterialUpdate":false,"showSkybox":true,"showFlares":true,"showImageEffects":true,"showParticleSystems":true},"in2DMode":false,"pivot":{"x":0.12697964906692506,"y":0.9693859815597534,"z":0.07728981971740723},"rotation":{"x":0.10696643590927124,"y":0.8320644497871399,"z":-0.17240671813488007,"w":0.5162392258644104},"size":0.8431536555290222,"orthographic":false}