{"cameraMode":{"drawMode":0,"name":"Shaded","section":"Shading Mode"},"sceneLighting":false,"audioPlay":false,"sceneViewState":{"showFog":true,"showMaterialUpdate":false,"showSkybox":true,"showFlares":true,"showImageEffects":true,"showParticleSystems":true},"in2DMode":false,"pivot":{"x":0.18706750869750977,"y":2.5377001762390138,"z":-0.1129601001739502},"rotation":{"x":0.02204565890133381,"y":0.9740399122238159,"z":-0.19725511968135835,"w":0.10886126011610031},"size":5.665609359741211,"orthographic":false}