{"cameraMode":{"drawMode":0,"name":"Shaded","section":"Shading Mode"},"sceneLighting":false,"audioPlay":false,"sceneViewState":{"showFog":true,"showMaterialUpdate":false,"showSkybox":true,"showFlares":true,"showImageEffects":true,"showParticleSystems":true},"in2DMode":false,"pivot":{"x":-14.023017883300782,"y":-1.2423982620239258,"z":-1.3570492267608643},"rotation":{"x":-0.1312534362077713,"y":0.650770902633667,"z":-0.11560589075088501,"w":-0.7388538718223572},"size":26.85784149169922,"orthographic":false}