{"cameraMode":{"drawMode":0,"name":"Shaded","section":"Shading Mode"},"sceneLighting":false,"audioPlay":false,"sceneViewState":{"showFog":true,"showMaterialUpdate":false,"showSkybox":true,"showFlares":true,"showImageEffects":true,"showParticleSystems":true},"in2DMode":false,"pivot":{"x":-3.5418896675109865,"y":-1.3415203094482422,"z":-7.105217456817627},"rotation":{"x":-0.0179512370377779,"y":0.9635034203529358,"z":-0.06688758730888367,"w":-0.2585826814174652},"size":16.81858253479004,"orthographic":false}