{"cameraMode":{"drawMode":0,"name":"Shaded","section":"Shading Mode"},"sceneLighting":false,"audioPlay":false,"sceneViewState":{"showFog":true,"showMaterialUpdate":false,"showSkybox":true,"showFlares":true,"showImageEffects":true,"showParticleSystems":true},"in2DMode":false,"pivot":{"x":-0.17581073939800263,"y":1.1010348796844483,"z":1.5833921432495118},"rotation":{"x":-0.10362225770950318,"y":0.005069565959274769,"z":-0.0005281078047119081,"w":-0.99460369348526},"size":7.350174903869629,"orthographic":false}