{"cameraMode":{"drawMode":0,"name":"Shaded","section":"Shading Mode"},"sceneLighting":false,"audioPlay":false,"sceneViewState":{"showFog":true,"showMaterialUpdate":false,"showSkybox":true,"showFlares":true,"showImageEffects":true,"showParticleSystems":true},"in2DMode":false,"pivot":{"x":0.18485599756240846,"y":1.1566241979599,"z":0.2415308952331543},"rotation":{"x":-0.40942302346229555,"y":-0.2576051652431488,"z":0.12168806791305542,"w":-0.8667204976081848},"size":2.343153476715088,"orthographic":false}