{"cameraMode":{"drawMode":0,"name":"Shaded","section":"Shading Mode"},"sceneLighting":false,"audioPlay":false,"sceneViewState":{"showFog":true,"showMaterialUpdate":false,"showSkybox":true,"showFlares":true,"showImageEffects":true,"showParticleSystems":true},"in2DMode":false,"pivot":{"x":-0.06043875217437744,"y":1.6265089511871338,"z":0.1302674412727356},"rotation":{"x":-0.4095003306865692,"y":-0.10310203582048416,"z":0.04663871228694916,"w":-0.9052647948265076},"size":7.951608657836914,"orthographic":false}