{"cameraMode":{"drawMode":0,"name":"Shaded","section":"Shading Mode"},"sceneLighting":false,"audioPlay":false,"sceneViewState":{"showFog":true,"showMaterialUpdate":false,"showSkybox":true,"showFlares":true,"showImageEffects":true,"showParticleSystems":true},"in2DMode":false,"pivot":{"x":3.3837220668792726,"y":-3.5808258056640627,"z":-2.5916852951049806},"rotation":{"x":-0.7400219440460205,"y":0.0831119492650032,"z":-0.09306053817272186,"w":-0.6609082221984863},"size":37.29975128173828,"orthographic":false}