{"cameraMode":{"drawMode":0,"name":"Shaded","section":"Shading Mode"},"sceneLighting":false,"audioPlay":false,"sceneViewState":{"showFog":true,"showMaterialUpdate":false,"showSkybox":true,"showFlares":true,"showImageEffects":true,"showParticleSystems":true},"in2DMode":false,"pivot":{"x":-1.9979968070983887,"y":-0.524287223815918,"z":1.5757131576538087},"rotation":{"x":-0.16601718962192536,"y":0.015379919670522213,"z":-0.002589533105492592,"w":-0.9859995245933533},"size":12.96427059173584,"orthographic":false}