{"cameraMode":{"drawMode":0,"name":"Shaded","section":"Shading Mode"},"sceneLighting":false,"audioPlay":false,"sceneViewState":{"showFog":true,"showMaterialUpdate":false,"showSkybox":true,"showFlares":true,"showImageEffects":true,"showParticleSystems":true},"in2DMode":false,"pivot":{"x":3.17883038520813,"y":0.3586006164550781,"z":1.9612507820129395},"rotation":{"x":0.14574891328811646,"y":0.7001782059669495,"z":-0.14946627616882325,"w":0.6827646493911743},"size":10.806790351867676,"orthographic":false}