{"cameraMode":{"drawMode":0,"name":"Shaded","section":"Shading Mode"},"sceneLighting":false,"audioPlay":false,"sceneViewState":{"showFog":true,"showMaterialUpdate":false,"showSkybox":true,"showFlares":true,"showImageEffects":true,"showParticleSystems":true},"in2DMode":false,"pivot":{"x":1.702181100845337,"y":2.18853759765625,"z":-1.77530837059021},"rotation":{"x":-0.017916256561875345,"y":-0.9050482511520386,"z":0.03831547871232033,"w":-0.42320042848587038},"size":6.364983081817627,"orthographic":false}