{"cameraMode":{"drawMode":0,"name":"Shaded","section":"Shading Mode"},"sceneLighting":false,"audioPlay":false,"sceneViewState":{"showFog":true,"showMaterialUpdate":false,"showSkybox":true,"showFlares":true,"showImageEffects":true,"showParticleSystems":true},"in2DMode":false,"pivot":{"x":-2.552487373352051,"y":-2.6133193969726564,"z":1.7481694221496583},"rotation":{"x":-0.46223750710487368,"y":0.4325287938117981,"z":-0.2765118479728699,"w":-0.7230467796325684},"size":20.661014556884767,"orthographic":false}