{"cameraMode":{"drawMode":0,"name":"Shaded","section":"Shading Mode"},"sceneLighting":false,"audioPlay":false,"sceneViewState":{"showFog":true,"showMaterialUpdate":false,"showSkybox":true,"showFlares":true,"showImageEffects":true,"showParticleSystems":true},"in2DMode":false,"pivot":{"x":0.09294769167900086,"y":1.3642569780349732,"z":0.12802469730377198},"rotation":{"x":-0.4225867986679077,"y":-0.1651129275560379,"z":0.07860315591096878,"w":-0.8876821994781494},"size":7.4113593101501469,"orthographic":false}