{"cameraMode":{"drawMode":0,"name":"Shaded","section":"Shading Mode"},"sceneLighting":false,"audioPlay":false,"sceneViewState":{"showFog":true,"showMaterialUpdate":false,"showSkybox":true,"showFlares":true,"showImageEffects":true,"showParticleSystems":true},"in2DMode":false,"pivot":{"x":-13.373115539550782,"y":-5.254305839538574,"z":-2.285639762878418},"rotation":{"x":-0.15868626534938813,"y":0.7136237621307373,"z":-0.1714695394039154,"w":-0.6604225635528565},"size":23.975627899169923,"orthographic":false}