{"cameraMode":{"drawMode":0,"name":"Shaded","section":"Shading Mode"},"sceneLighting":false,"audioPlay":false,"sceneViewState":{"showFog":true,"showMaterialUpdate":false,"showSkybox":true,"showFlares":true,"showImageEffects":true,"showParticleSystems":true},"in2DMode":false,"pivot":{"x":-0.11211812496185303,"y":1.2234629392623902,"z":0.1393139362335205},"rotation":{"x":-0.2132117599248886,"y":-0.11197851598262787,"z":0.024607114493846895,"w":-0.9702557325363159},"size":2.6723721027374269,"orthographic":false}