{"cameraMode":{"drawMode":0,"name":"Shaded","section":"Shading Mode"},"sceneLighting":false,"audioPlay":false,"sceneViewState":{"showFog":true,"showMaterialUpdate":false,"showSkybox":true,"showFlares":true,"showImageEffects":true,"showParticleSystems":true},"in2DMode":false,"pivot":{"x":6.610808849334717,"y":1.5065011978149415,"z":-3.1769824028015138},"rotation":{"x":-0.03273097425699234,"y":-0.8936598896980286,"z":0.06608108431100846,"w":-0.44264429807662966},"size":12.96427059173584,"orthographic":false}