{"cameraMode":{"drawMode":0,"name":"Shaded","section":"Shading Mode"},"sceneLighting":false,"audioPlay":false,"sceneViewState":{"showFog":true,"showMaterialUpdate":false,"showSkybox":true,"showFlares":true,"showImageEffects":true,"showParticleSystems":true},"in2DMode":false,"pivot":{"x":-0.2854691743850708,"y":-2.337165594100952,"z":1.032662034034729},"rotation":{"x":-0.28086933493614199,"y":-0.6574414968490601,"z":0.29029735922813418,"w":-0.6360901594161987},"size":3.6074843406677248,"orthographic":false}