{"cameraMode":{"drawMode":0,"name":"Shaded","section":"Shading Mode"},"sceneLighting":false,"audioPlay":false,"sceneViewState":{"showFog":true,"showMaterialUpdate":false,"showSkybox":true,"showFlares":true,"showImageEffects":true,"showParticleSystems":true},"in2DMode":false,"pivot":{"x":-0.23194515705108643,"y":2.7605972290039064,"z":1.029653549194336},"rotation":{"x":-0.2070630043745041,"y":-0.046355921775102618,"z":0.009822819381952286,"w":-0.9771794080734253},"size":10.911590576171875,"orthographic":false}