{"cameraMode":{"drawMode":0,"name":"Shaded","section":"Shading Mode"},"sceneLighting":false,"audioPlay":false,"sceneViewState":{"showFog":true,"showMaterialUpdate":false,"showSkybox":true,"showFlares":true,"showImageEffects":true,"showParticleSystems":true},"in2DMode":false,"pivot":{"x":0.900841236114502,"y":1.6403974294662476,"z":1.1983648538589478},"rotation":{"x":-0.13720650970935822,"y":-0.5754044651985169,"z":0.09865959733724594,"w":-0.800218939781189},"size":6.016037940979004,"orthographic":false}