{"cameraMode":{"drawMode":0,"name":"Shaded","section":"Shading Mode"},"sceneLighting":false,"audioPlay":false,"sceneViewState":{"showFog":true,"showMaterialUpdate":false,"showSkybox":true,"showFlares":true,"showImageEffects":true,"showParticleSystems":true},"in2DMode":false,"pivot":{"x":0.11132114380598068,"y":-0.22365213930606843,"z":-0.004561185836791992},"rotation":{"x":-0.03330527991056442,"y":0.000911604380235076,"z":-0.00003095080319326371,"w":-0.9994449019432068},"size":3.3076412677764894,"orthographic":false}