{"cameraMode":{"drawMode":0,"name":"Shaded","section":"Shading Mode"},"sceneLighting":false,"audioPlay":false,"sceneViewState":{"showFog":true,"showMaterialUpdate":false,"showSkybox":true,"showFlares":true,"showImageEffects":true,"showParticleSystems":true},"in2DMode":false,"pivot":{"x":-7.15634298324585,"y":1.7642691135406495,"z":-2.6150429248809816},"rotation":{"x":-0.21763017773628236,"y":-0.6772724986076355,"z":0.22092127799987794,"w":-0.6671827435493469},"size":5.573884963989258,"orthographic":false}