{"cameraMode":{"drawMode":0,"name":"Shaded","section":"Shading Mode"},"sceneLighting":false,"audioPlay":false,"sceneViewState":{"showFog":true,"showMaterialUpdate":false,"showSkybox":true,"showFlares":true,"showImageEffects":true,"showParticleSystems":true},"in2DMode":false,"pivot":{"x":3.9183082580566408,"y":1.7681167125701905,"z":2.0505259037017824},"rotation":{"x":0.07517080754041672,"y":0.7909064292907715,"z":-0.09923068434000015,"w":0.5991407632827759},"size":13.903125762939454,"orthographic":false}