{"cameraMode":{"drawMode":0,"name":"Shaded","section":"Shading Mode"},"sceneLighting":false,"audioPlay":false,"sceneViewState":{"showFog":true,"showMaterialUpdate":false,"showSkybox":true,"showFlares":true,"showImageEffects":true,"showParticleSystems":true},"in2DMode":false,"pivot":{"x":-3.667651653289795,"y":1.1541874408721924,"z":-5.0836710929870609},"rotation":{"x":-0.025139134377241136,"y":0.964165210723877,"z":-0.09898939728736878,"w":-0.2448563575744629},"size":11.100163459777832,"orthographic":false}