{"cameraMode":{"drawMode":0,"name":"Shaded","section":"Shading Mode"},"sceneLighting":false,"audioPlay":false,"sceneViewState":{"showFog":true,"showMaterialUpdate":false,"showSkybox":true,"showFlares":true,"showImageEffects":true,"showParticleSystems":true},"in2DMode":false,"pivot":{"x":0.5106359720230103,"y":1.2927701473236085,"z":-6.9009528160095219},"rotation":{"x":-0.00012261435040272772,"y":-0.9986811280250549,"z":0.05128703638911247,"w":-0.0023902379907667639},"size":9.629796028137207,"orthographic":false}