{"cameraMode":{"drawMode":0,"name":"Shaded","section":"Shading Mode"},"sceneLighting":false,"audioPlay":false,"sceneViewState":{"showFog":true,"showMaterialUpdate":false,"showSkybox":true,"showFlares":true,"showImageEffects":true,"showParticleSystems":true},"in2DMode":false,"pivot":{"x":0.5881118178367615,"y":3.869112014770508,"z":0.46390438079833987},"rotation":{"x":-0.05572966858744621,"y":-0.04282298684120178,"z":0.0023925029672682287,"w":-0.9975243210792542},"size":7.648439884185791,"orthographic":false}