{"cameraMode":{"drawMode":0,"name":"Shaded","section":"Shading Mode"},"sceneLighting":false,"audioPlay":false,"sceneViewState":{"showFog":true,"showMaterialUpdate":false,"showSkybox":true,"showFlares":true,"showImageEffects":true,"showParticleSystems":true},"in2DMode":false,"pivot":{"x":0.25715768337249758,"y":2.239424705505371,"z":2.38327693939209},"rotation":{"x":-0.17877650260925294,"y":-0.07754328101873398,"z":0.014135396108031273,"w":-0.9807274341583252},"size":12.96427059173584,"orthographic":false}