{"cameraMode":{"drawMode":0,"name":"Shaded","section":"Shading Mode"},"sceneLighting":false,"audioPlay":false,"sceneViewState":{"showFog":true,"showMaterialUpdate":false,"showSkybox":true,"showFlares":true,"showImageEffects":true,"showParticleSystems":true},"in2DMode":false,"pivot":{"x":-0.37546253204345705,"y":3.3348941802978517,"z":1.118444561958313},"rotation":{"x":-0.06280073523521424,"y":-0.8958473801612854,"z":0.134304478764534,"w":-0.41889846324920657},"size":2.7141191959381105,"orthographic":false}