{"cameraMode":{"drawMode":0,"name":"Shaded","section":"Shading Mode"},"sceneLighting":false,"audioPlay":false,"sceneViewState":{"showFog":true,"showMaterialUpdate":false,"showSkybox":true,"showFlares":true,"showImageEffects":true,"showParticleSystems":true},"in2DMode":false,"pivot":{"x":2.2743968963623049,"y":-1.693798542022705,"z":-2.004338502883911},"rotation":{"x":0.24141770601272584,"y":0.7384508848190308,"z":-0.3340440094470978,"w":0.5336876511573792},"size":12.165881156921387,"orthographic":false}