{"cameraMode":{"drawMode":0,"name":"Shaded","section":"Shading Mode"},"sceneLighting":false,"audioPlay":false,"sceneViewState":{"showFog":true,"showMaterialUpdate":false,"showSkybox":true,"showFlares":true,"showImageEffects":true,"showParticleSystems":true},"in2DMode":false,"pivot":{"x":-13.625778198242188,"y":-4.51888370513916,"z":-3.8782098293304445},"rotation":{"x":-0.15868626534938813,"y":0.7136237621307373,"z":-0.1714695394039154,"w":-0.6604225635528565},"size":21.009761810302736,"orthographic":false}