{"cameraMode":{"drawMode":0,"name":"Shaded","section":"Shading Mode"},"sceneLighting":false,"audioPlay":false,"sceneViewState":{"showFog":true,"showMaterialUpdate":false,"showSkybox":true,"showFlares":true,"showImageEffects":true,"showParticleSystems":true},"in2DMode":false,"pivot":{"x":-8.024462699890137,"y":-1.146359920501709,"z":0.7713797092437744},"rotation":{"x":-0.14562809467315675,"y":0.6867632865905762,"z":-0.14337357878684998,"w":-0.6975619196891785},"size":18.560894012451173,"orthographic":false}