{"cameraMode":{"drawMode":0,"name":"Shaded","section":"Shading Mode"},"sceneLighting":false,"audioPlay":false,"sceneViewState":{"showFog":true,"showMaterialUpdate":false,"showSkybox":true,"showFlares":true,"showImageEffects":true,"showParticleSystems":true},"in2DMode":false,"pivot":{"x":-7.04982852935791,"y":-0.20161867141723634,"z":0.7124063372612},"rotation":{"x":-0.1506810337305069,"y":0.7081112265586853,"z":-0.15894968807697297,"w":-0.6712740659713745},"size":13.042572975158692,"orthographic":false}