{"cameraMode":{"drawMode":0,"name":"Shaded","section":"Shading Mode"},"sceneLighting":false,"audioPlay":false,"sceneViewState":{"showFog":true,"showMaterialUpdate":false,"showSkybox":true,"showFlares":true,"showImageEffects":true,"showParticleSystems":true},"in2DMode":false,"pivot":{"x":3.2367630004882814,"y":-0.6768770217895508,"z":0.3105766475200653},"rotation":{"x":0.21319127082824708,"y":0.645453929901123,"z":-0.19458863139152528,"w":0.7071591019630432},"size":8.94652271270752,"orthographic":false}